{
  "timestamp": "2024-12-02T02:12:37.257775500Z",
  "live_data_results": [
    {
      "pv_count": 1,
      "raw_metrics": {
        "average_fetch_time": 0.04057706000000001,
        "average_processing_time": 2.0999999999999997e-7,
        "average_total_time": 0.04057727000000001,
        "average_response_size": 2080,
        "average_points_count": 57,
        "average_points_per_second": 1404.7273264071237,
        "average_bytes_per_point": 36.49122807017544
      },
      "json_metrics": {
        "average_fetch_time": 0.04522263,
        "average_processing_time": 1.6e-7,
        "average_total_time": 0.04522279,
        "average_response_size": 5858,
        "average_points_count": 58,
        "average_points_per_second": 1282.5391799134904,
        "average_bytes_per_point": 101.0
      },
      "comparison": {
        "speedup": 1.1144857699889614,
        "size_ratio": 0.36129928782351917
      }
    },
    {
      "pv_count": 5,
      "raw_metrics": {
        "average_fetch_time": 0.05431035999999999,
        "average_processing_time": 1.9e-7,
        "average_total_time": 0.054310549999999985,
        "average_response_size": 10241,
        "average_points_count": 281,
        "average_points_per_second": 5173.948707939803,
        "average_bytes_per_point": 36.444839857651246
      },
      "json_metrics": {
        "average_fetch_time": 0.059986899999999996,
        "average_processing_time": 1.7e-7,
        "average_total_time": 0.059987069999999997,
        "average_response_size": 28627,
        "average_points_count": 283,
        "average_points_per_second": 4717.683327423727,
        "average_bytes_per_point": 101.15547703180212
      },
      "comparison": {
        "speedup": 1.1045196559416175,
        "size_ratio": 0.3602853837187027
      }
    },
    {
      "pv_count": 10,
      "raw_metrics": {
        "average_fetch_time": 0.05759974999999999,
        "average_processing_time": 2.3e-7,
        "average_total_time": 0.05759997999999999,
        "average_response_size": 20701,
        "average_points_count": 572,
        "average_points_per_second": 9930.559003666323,
        "average_bytes_per_point": 36.19055944055944
      },
      "json_metrics": {
        "average_fetch_time": 0.06836384,
        "average_processing_time": 2e-7,
        "average_total_time": 0.06836404,
        "average_response_size": 58134,
        "average_points_count": 575,
        "average_points_per_second": 8410.854595486166,
        "average_bytes_per_point": 101.10260869565218
      },
      "comparison": {
        "speedup": 1.186876106554204,
        "size_ratio": 0.3579587105363759
      }
    },
    {
      "pv_count": 20,
      "raw_metrics": {
        "average_fetch_time": 0.06334034,
        "average_processing_time": 2.1000000000000003e-7,
        "average_total_time": 0.06334055,
        "average_response_size": 41557,
        "average_points_count": 1151,
        "average_points_per_second": 18171.613602976293,
        "average_bytes_per_point": 36.10512597741095
      },
      "json_metrics": {
        "average_fetch_time": 0.06473756,
        "average_processing_time": 2.0000000000000004e-7,
        "average_total_time": 0.06473776,
        "average_response_size": 117658,
        "average_points_count": 1165,
        "average_points_per_second": 17995.6798010929,
        "average_bytes_per_point": 100.99399141630902
      },
      "comparison": {
        "speedup": 1.0220586969958425,
        "size_ratio": 0.3574977626993809
      }
    },
    {
      "pv_count": 35,
      "raw_metrics": {
        "average_fetch_time": 0.064473,
        "average_processing_time": 2e-7,
        "average_total_time": 0.06447320000000001,
        "average_response_size": 73095,
        "average_points_count": 2030,
        "average_points_per_second": 31485.95075163013,
        "average_bytes_per_point": 36.00738916256157
      },
      "json_metrics": {
        "average_fetch_time": 0.06735551,
        "average_processing_time": 1.8999999999999998e-7,
        "average_total_time": 0.06735569999999999,
        "average_response_size": 208131,
        "average_points_count": 2062,
        "average_points_per_second": 30613.593207404872,
        "average_bytes_per_point": 100.9364694471387
      },
      "comparison": {
        "speedup": 1.0447084990352578,
        "size_ratio": 0.35673319425362854
      }
    }
  ],
  "historical_data_results": [
    {
      "pv_count": 1,
      "time_range": "1 minute",
      "raw_metrics": {
        "average_fetch_time": 0.042754980000000005,
        "average_processing_time": 2.0999999999999997e-7,
        "average_total_time": 0.042755190000000005,
        "average_response_size": 2095,
        "average_points_count": 58,
        "average_points_per_second": 1356.560454999732,
        "average_bytes_per_point": 36.12068965517241
      },
      "json_metrics": {
        "average_fetch_time": 0.04546926999999999,
        "average_processing_time": 1.6e-7,
        "average_total_time": 0.04546942999999999,
        "average_response_size": 5954,
        "average_points_count": 59,
        "average_points_per_second": 1297.5750960590447,
        "average_bytes_per_point": 100.91525423728814
      },
      "comparison": {
        "speedup": 1.0634832870582491,
        "size_ratio": 0.35793091865219556
      }
    },
    {
      "pv_count": 1,
      "time_range": "5 minutes",
      "raw_metrics": {
        "average_fetch_time": 0.051487910000000005,
        "average_processing_time": 1.8000000000000002e-7,
        "average_total_time": 0.05148809000000001,
        "average_response_size": 7179,
        "average_points_count": 289,
        "average_points_per_second": 5612.9485479069035,
        "average_bytes_per_point": 24.84083044982699
      },
      "json_metrics": {
        "average_fetch_time": 0.056124320000000005,
        "average_processing_time": 1.6e-7,
        "average_total_time": 0.056124480000000004,
        "average_response_size": 28255,
        "average_points_count": 290,
        "average_points_per_second": 5167.085735137323,
        "average_bytes_per_point": 97.43103448275862
      },
      "comparison": {
        "speedup": 1.0900478149412804,
        "size_ratio": 0.254958089911514
      }
    },
    {
      "pv_count": 1,
      "time_range": "1 hour",
      "raw_metrics": {
        "average_fetch_time": 0.10171537,
        "average_processing_time": 2.0999999999999997e-7,
        "average_total_time": 0.10171558,
        "average_response_size": 78088,
        "average_points_count": 3509,
        "average_points_per_second": 34498.15652626668,
        "average_bytes_per_point": 22.2536335138216
      },
      "json_metrics": {
        "average_fetch_time": 0.16861407,
        "average_processing_time": 2.5e-7,
        "average_total_time": 0.16861432,
        "average_response_size": 339036,
        "average_points_count": 3511,
        "average_points_per_second": 20822.667967940088,
        "average_bytes_per_point": 96.56394189689547
      },
      "comparison": {
        "speedup": 1.6577039623625016,
        "size_ratio": 0.230454899382448
      }
    },
    {
      "pv_count": 5,
      "time_range": "1 minute",
      "raw_metrics": {
        "average_fetch_time": 0.05316198,
        "average_processing_time": 2.1000000000000003e-7,
        "average_total_time": 0.05316219,
        "average_response_size": 10351,
        "average_points_count": 286,
        "average_points_per_second": 5379.763324272382,
        "average_bytes_per_point": 36.19230769230769
      },
      "json_metrics": {
        "average_fetch_time": 0.051991810000000006,
        "average_processing_time": 1.8e-7,
        "average_total_time": 0.05199199000000001,
        "average_response_size": 29396,
        "average_points_count": 291,
        "average_points_per_second": 5597.016001887982,
        "average_bytes_per_point": 101.01718213058419
      },